district,rps01,rps02,rps03,rps04,rps05,rps06,rps07,rps08,rps09,rps10,rps11,rps12,rps13,rps14,rps15,rps16,rps17,rps18,rps19,rps20,rps21,rps22,rps23,rps24,rps25,rps26,rps27,rps28,rps29
三峽區,房地(土地+建物),新北市三峽區中華路,12.4,商,,,1111215,土地1建物1車位0,八層,11,住宅大樓(11層含以上有電梯),住家用,鋼筋混凝土造,,68.01,2,2,2,有,無,9300000,136745,,0,0,,RPQNMLKMKIHGFIF08CB,立信園中心,D棟8號
三峽區,房地(土地+建物),新北市三峽區中華路,12.4,商,,,1120130,土地1建物1車位0,十一層,11,住宅大樓(11層含以上有電梯),住家用,鋼筋混凝土造,,68.01,2,2,2,有,無,9370000,137774,,0,0,,RPQNMLSKKHIGFIF68CB,立信園中心,D棟11號
三峽區,房地(土地+建物)+車位,新北市三峽區中園街5號旁,17.73,住,,,1120219,土地3建物1車位1,十一層,11,住宅大樓(11層含以上有電梯),住家用,鋼筋混凝土造,,102.36,0,0,1,有,無,10660000,106029,升降平面,16.44,1550000,,RPPNMLOKLHIGFIF28CB,心家家,H棟11-1號
三峽區,房地(土地+建物)+車位,新北市三峽區中園街5號旁,15.52,住,,,1120313,土地3建物1車位1,五層,11,住宅大樓(11層含以上有電梯),住家用,鋼筋混凝土造,,91.59,0,0,1,有,無,9530000,107518,升降平面,16.44,1450000,,RPPNMLQLLHIGFIF58CB,心家家,H棟5-2號
三峽區,房地(土地+建物)+車位,新北市三峽區中園街5號旁,15.38,住,,,1120313,土地3建物1車位1,十一層,11,住宅大樓(11層含以上有電梯),住家用,鋼筋混凝土造,,91.09,0,0,1,有,無,9450000,107167,升降平面,16.44,1450000,,RPQNMLQLLHIGFIF68CB,心家家,H棟11-2號
三峽區,房地(土地+建物)+車位,新北市三峽區中園街5號旁,18.51,住,,,1120313,土地3建物1車位1,十一層,11,住宅大樓(11層含以上有電梯),住家用,鋼筋混凝土造,,105.94,0,0,1,有,無,10930000,105922,升降平面,16.44,1450000,,RPRNMLQLLHIGFIF78CB,心家家,H棟11-3號
三峽區,房地(土地+建物),新北市三峽區大德路,7.18,住,,,1120322,土地1建物1車位0,十一層,11,住宅大樓(11層含以上有電梯),住家用,鋼筋混凝土造,,42.49,1,1,1,有,無,7000000,164745,,0,0,,RPPNMLSLLHIGFIF78CB,北大富御,C3棟11號
三峽區,房地(土地+建物),新北市三峽區中華路,14.33,商,,,1120327,土地1建物1車位0,三層,11,住宅大樓(11層含以上有電梯),住家用,鋼筋混凝土造,,78.6,3,2,2,有,無,10400000,132316,,0,0,,RPPNMLRJMHIGFIF58CB,立信園中心,C棟3號
三峽區,房地(土地+建物)+車位,新北市三峽區大同路286巷,28.47,住,,,1120326,土地1建物1車位1,六層,9,華廈(10層含以下有電梯),住家用,鋼筋混凝土造,,165.56,3,2,2,有,無,14020000,93808,坡道平面,36.36,1900000,,RPPNMLRKMHIGFIF68CB,青松安家,B1棟6樓號
三峽區,房地(土地+建物)+車位,新北市三峽區大同路286巷,28.34,住,,,1120326,土地1建物1車位1,六層,9,華廈(10層含以下有電梯),住家用,鋼筋混凝土造,,164.95,3,2,2,有,無,13860000,93786,坡道平面,36.36,1800000,,RPRNMLRKMHIGFIF88CB,青松安家,B2棟6樓號
三峽區,房地(土地+建物),新北市三峽區中園街5號旁,15.52,住,,,1120324,土地3建物1車位0,四層,11,住宅大樓(11層含以上有電梯),住家用,鋼筋混凝土造,,75.15,0,0,1,有,無,8020000,106720,,0,0,,RPPNMLSKMHIGFIF78CB,心家家,H棟4-2號
三峽區,房地(土地+建物)+車位,新北市三峽區中園街5號旁,18.51,住,,,1120418,土地3建物1車位1,九層,11,住宅大樓(11層含以上有電梯),住家用,鋼筋混凝土造,,105.94,0,0,1,有,無,11000000,105587,升降平面,16.44,1550000,,RPQNMLPLMHIGFIF68CB,心家家,H棟9-3號
三峽區,房地(土地+建物),新北市三峽區中華路,12.4,商,,,1120413,土地1建物1車位0,七層,11,住宅大樓(11層含以上有電梯),住家用,鋼筋混凝土造,,68.01,2,2,2,有,無,9240000,135862,,0,0,,RPPNMLSLMHIGFIF88CB,立信園中心,D棟7號
三峽區,房地(土地+建物),新北市三峽區中園街5號旁,18.51,住,,,1120418,土地3建物1車位0,十層,11,住宅大樓(11層含以上有電梯),住家用,鋼筋混凝土造,,89.5,0,0,1,有,無,9300000,103911,,0,0,,RPUNMLKKNHIGFIF58CB,心家家,H棟10-3號
三峽區,房地(土地+建物),新北市三峽區中園街5號旁,17.73,住,,,1120503,土地3建物1車位0,五層,11,住宅大樓(11層含以上有電梯),住家用,鋼筋混凝土造,,85.92,0,0,1,有,無,8950000,104167,,0,0,,RPPNMLOKNHIGFIF48CB,心家家,H棟5-1號
三峽區,房地(土地+建物)+車位,新北市三峽區中園街5號旁,18.51,住,,,1120505,土地3建物1車位1,八層,11,住宅大樓(11層含以上有電梯),住家用,鋼筋混凝土造,,105.94,0,0,1,有,無,10680000,103128,升降平面,16.44,1450000,,RPQNMLOKNHIGFIF58CB,心家家,H棟8-3號
三峽區,房地(土地+建物)+車位,新北市三峽區中園街5號旁,17.73,住,,,1120508,土地3建物1車位1,十層,11,住宅大樓(11層含以上有電梯),住家用,鋼筋混凝土造,,102.36,0,0,1,有,無,10900000,108822,升降平面,16.44,1550000,,RPPNMLLLNHIGFIF28CB,心家家,H棟10-1號
三峽區,房地(土地+建物),新北市三峽區大德路,12.5,住,,,1120502,土地1建物1車位0,九層,11,住宅大樓(11層含以上有電梯),住家用,鋼筋混凝土造,,74.27,2,2,1,有,無,11680000,157264,,0,0,,RPPOMLMLNHIGFIF48CB,北大富御,C5棟9號
三峽區,房地(土地+建物)+車位,新北市三峽區橫溪路99巷,145.95,,山坡地保育區,丙種建築用地,1120512,土地4建物1車位1,全,3,透天厝,住家用,鋼筋混凝土造,,174.28,3,2,3,有,無,21170000,121471,一樓平面,16.43,0,交易總價含6地號土地款新台幣50萬元整,RPPNMLQKNHIGFIF68CB,青鳥之森,I棟I05號
三峽區,房地(土地+建物),新北市三峽區橫溪路99巷,212.09,,山坡地保育區,丙種建築用地,1120515,土地4建物1車位0,全,4,透天厝,住家用,鋼筋混凝土造,,314.84,4,2,5,有,無,34600000,109897,,0,0,交易總價含6地號土地款新台幣50萬元整,RPXNMLSKNHIGFIF07CB,青鳥之森,N棟N05號
三峽區,房地(土地+建物),新北市三峽區橫溪路99巷,149.08,,山坡地保育區,丙種建築用地,1120515,土地4建物1車位0,全,4,透天厝,住家用,鋼筋混凝土造,,188.95,4,2,4,有,無,21800000,115374,,0,0,交易總價含6地號土地款新台幣50萬元整,RPOOMLSKNHIGFIF88CB,青鳥之森,L棟L03號
三峽區,房地(土地+建物)+車位,新北市三峽區中園街5號旁,15.52,住,,,1120512,土地3建物1車位1,八層,11,住宅大樓(11層含以上有電梯),住家用,鋼筋混凝土造,,91.59,0,0,1,有,無,9660000,107917,升降平面,16.44,1550000,,RPOOMLMLNHIGFIF38CB,心家家,H棟8-2號
三峽區,房地(土地+建物)+車位,新北市三峽區中園街5號旁,18.51,住,,,1120515,土地3建物1車位1,四層,11,住宅大樓(11層含以上有電梯),住家用,鋼筋混凝土造,,105.94,0,0,1,有,無,10650000,101676,升降平面,16.44,1550000,,RPQNMLPJOHIGFIF68CB,心家家,H棟4-3號
三峽區,房地(土地+建物),新北市三峽區橫溪路99巷,182.11,,山坡地保育區,丙種建築用地,1120527,土地4建物1車位0,全,4,透天厝,住家用,鋼筋混凝土造,,220.42,4,2,4,有,無,26900000,122040,,0,0,交易總價含6地號土地款新台幣50萬元整,RPPNMLQJOHIGFIF68CB,青鳥之森,O棟O07號
三峽區,房地(土地+建物)+車位,新北市三峽區橫溪路99巷,144.86,,山坡地保育區,丙種建築用地,1120529,土地4建物1車位1,全,3,透天厝,住家用,鋼筋混凝土造,,170.02,3,2,3,有,無,18900000,111163,一樓平面,16.2,0,交易總價含6地號土地款新台幣50萬元整,RPQNMLQJOHIGFIF78CB,青鳥之森,K棟K05號
三峽區,房地(土地+建物),新北市三峽區橫溪路99巷,166.46,,山坡地保育區,丙種建築用地,1120531,土地4建物1車位0,全,4,透天厝,住家用,鋼筋混凝土造,,200.05,4,2,4,有,無,22300000,111472,,0,0,交易總價含6地號土地款新台幣50萬元整,RPPNMLTJOHIGFIF98CB,青鳥之森,D棟D01號
三峽區,房地(土地+建物)+車位,新北市三峽區橫溪路99巷,143.85,,山坡地保育區,丙種建築用地,1120530,土地4建物1車位1,全,3,透天厝,住家用,鋼筋混凝土造,,174.99,3,2,3,有,無,19800000,113149,一樓平面,16.2,0,交易總價含6地號土地款新台幣50萬元整,RPQNMLTJOHIGFIF09CB,青鳥之森,L棟L01號
三峽區,房地(土地+建物)+車位,新北市三峽區橫溪路99巷,138.41,,山坡地保育區,丙種建築用地,1120530,土地4建物1車位1,全,3,透天厝,住家用,鋼筋混凝土造,,172.01,3,2,3,有,無,20060000,116621,一樓平面,16.2,0,交易總價含6地號土地款新台幣50萬元整,RPRNMLTJOHIGFIF56CB,青鳥之森,L棟L02號
三峽區,房地(土地+建物),新北市三峽區橫溪路99巷,168.43,,山坡地保育區,丙種建築用地,1120605,土地4建物1車位0,全,4,透天厝,住家用,鋼筋混凝土造,,206.97,4,2,4,有,無,23200000,112094,,0,0,交易總價含6地號土地款新台幣50萬元整,RPVNMLPKOHIGFIF66CB,青鳥之森,E棟E01號
三峽區,房地(土地+建物)+車位,新北市三峽區橫溪路99巷,160.76,,山坡地保育區,丙種建築用地,1120605,土地4建物1車位1,全,3,透天厝,住家用,鋼筋混凝土造,,178.47,3,2,3,有,無,21980000,123158,一樓平面,16.43,0,交易總價含6地號土地款新台幣50萬元整,RPWNMLPKOHIGFIF76CB,青鳥之森,J棟J01號
三峽區,房地(土地+建物)+車位,新北市三峽區橫溪路99巷,166.31,,山坡地保育區,丙種建築用地,1120605,土地4建物1車位1,全,3,透天厝,住家用,鋼筋混凝土造,,174.28,3,2,3,有,無,22060000,126578,一樓平面,16.43,0,交易總價含6地號土地款新台幣50萬元整,RPXNMLPKOHIGFIF86CB,青鳥之森,F棟F02號
三峽區,房地(土地+建物)+車位,新北市三峽區橫溪路99巷,180.9,,山坡地保育區,丙種建築用地,1120612,土地4建物1車位1,全,3,透天厝,住家用,鋼筋混凝土造,,178.74,3,2,3,有,無,22880000,128007,一樓平面,16.43,0,交易總價含6地號土地款新台幣50萬元整,RPOOMLPKOHIGFIF68CB,青鳥之森,J棟J05號
三峽區,房地(土地+建物),新北市三峽區橫溪路99巷,140.8,,山坡地保育區,丙種建築用地,1120612,土地4建物1車位0,全,4,透天厝,住家用,鋼筋混凝土造,,181.35,4,2,4,有,無,20500000,113041,,0,0,交易總價含6地號土地款新台幣50萬元整,RPPOMLPKOHIGFIF78CB,青鳥之森,L棟L05號
三峽區,房地(土地+建物),新北市三峽區橫溪路99巷,182.62,,山坡地保育區,丙種建築用地,1120617,土地4建物1車位0,全,4,透天厝,住家用,鋼筋混凝土造,,220.42,4,2,4,有,無,26680000,121042,,0,0,交易總價含6地號土地款新台幣50萬元整,RPRPMLTLOHIGFIF96CB,青鳥之森,O棟O05號
三峽區,房地(土地+建物),新北市三峽區橫溪路99巷,183.13,,山坡地保育區,丙種建築用地,1120620,土地4建物1車位0,全,4,透天厝,住家用,鋼筋混凝土造,,220.42,4,2,4,有,無,28380000,128754,,0,0,交易總價含6地號土地款新台幣50萬元整,RPSPMLTLOHIGFIF07CB,青鳥之森,O棟O02號
三峽區,房地(土地+建物),新北市三峽區中華路,14.33,商,,,1120619,土地1建物1車位0,四層,11,住宅大樓(11層含以上有電梯),住家用,鋼筋混凝土造,,78.6,3,2,2,有,無,10420000,132570,,0,0,,RPPNMLPJPHIGFIF68CB,立信園中心,C棟4號
三峽區,房地(土地+建物)+車位,新北市三峽區橫溪路99巷,237.08,,山坡地保育區,丙種建築用地,1120710,土地4建物1車位1,全,4,透天厝,住家用,鋼筋混凝土造,,182.02,5,2,4,有,無,25300000,138996,一樓平面,0,0,交易總價含6地號土地款新台幣50萬元整,RPQNMLLLPHIGFIF58CB,青鳥之森,B棟B01號
三峽區,房地(土地+建物)+車位,新北市三峽區大德路,23.74,住,,,1120716,土地1建物1車位1,七層,12,住宅大樓(11層含以上有電梯),住家用,鋼筋混凝土造,,127.26,2,2,1,有,無,15740000,161852,坡道平面,41.75,1900000,,RPPNMLSJQHIGFIF56DB,女王萬歲2,A1棟7號
三峽區,房地(土地+建物)+車位,新北市三峽區大德路,31.85,住,,,1120716,土地1建物1車位1,六層,12,住宅大樓(11層含以上有電梯),住家用,鋼筋混凝土造,,157.91,3,2,2,有,無,20410000,160268,坡道平面,43.04,2000000,,RPTNMLSJQHIGFIF96DB,女王萬歲2,A5棟6號
三峽區,房地(土地+建物)+車位,新北市三峽區橫溪路99巷,142.72,,山坡地保育區,丙種建築用地,1120722,土地4建物1車位1,全,3,透天厝,住家用,鋼筋混凝土造,,175.32,3,2,3,有,無,20380000,116245,一樓平面,16.2,0,交易總價含6地號土地款新台幣50萬元整,RPPNMLSLPHIGFIF56CB,青鳥之森,K棟K02號
三峽區,房地(土地+建物),新北市三峽區橫溪路99巷,162.41,,山坡地保育區,丙種建築用地,1120724,土地4建物1車位0,全,4,透天厝,住家用,鋼筋混凝土造,,202.38,4,2,4,有,無,24000000,118589,,0,0,交易總價含6地號土地款新台幣50萬元整,RPQNMLSLPHIGFIF66CB,青鳥之森,C棟C02號
三峽區,房地(土地+建物)+車位,新北市三峽區大德路,23.74,住,,,1120729,土地1建物1車位1,九層,12,住宅大樓(11層含以上有電梯),住家用,鋼筋混凝土造,,128.55,2,2,1,有,無,16090000,164776,坡道平面,43.04,2000000,,RPQNMLSJQHIGFIF66DB,女王萬歲2,A1棟9號
三峽區,房地(土地+建物)+車位,新北市三峽區大德路,23.74,住,,,1120722,土地1建物1車位1,七層,12,住宅大樓(11層含以上有電梯),住家用,鋼筋混凝土造,,128.58,2,2,1,有,無,15840000,161796,坡道平面,43.04,2000000,,RPQNMLTJQHIGFIF76DB,女王萬歲2,A2棟7號
三峽區,房地(土地+建物)+車位,新北市三峽區大德路,31.85,住,,,1120722,土地1建物1車位1,四層,12,住宅大樓(11層含以上有電梯),住家用,鋼筋混凝土造,,156.62,3,2,2,有,無,19790000,155741,坡道平面,41.75,1900000,,RPRNMLTJQHIGFIF86DB,女王萬歲2,A5棟4號
三峽區,房地(土地+建物)+車位,新北市三峽區大德路,31.85,住,,,1120722,土地1建物1車位1,五層,12,住宅大樓(11層含以上有電梯),住家用,鋼筋混凝土造,,157.91,3,2,2,有,無,20340000,158788,坡道平面,43.04,2100000,,RPSNMLTJQHIGFIF96DB,女王萬歲2,A5棟5號
三峽區,房地(土地+建物)+車位,新北市三峽區大德路,23.74,住,,,1120729,土地1建物1車位1,九層,12,住宅大樓(11層含以上有電梯),住家用,鋼筋混凝土造,,127.29,2,2,1,有,無,15900000,164835,坡道平面,41.75,1800000,,RPTNMLTJQHIGFIF07DB,女王萬歲2,A2棟9號
三峽區,房地(土地+建物),新北市三峽區橫溪路99巷,165.51,,山坡地保育區,丙種建築用地,1120731,土地4建物1車位0,全,4,透天厝,住家用,鋼筋混凝土造,,206,4,2,4,有,無,23300000,113107,,0,0,交易總價含6地號土地款新台幣50萬元整,RPRNMLKKQHIGFIF58CB,青鳥之森,D棟D02號
三峽區,房地(土地+建物)+車位,新北市三峽區大德路,31.73,住,,,1120729,土地1建物1車位1,五層,12,住宅大樓(11層含以上有電梯),住家用,鋼筋混凝土造,,157.76,3,2,2,有,無,20220000,158821,坡道平面,43.04,2000000,,RPQNMLLKQHIGFIF68DB,女王萬歲2,A3棟5號
三峽區,房地(土地+建物)+車位,新北市三峽區橫溪路99巷,154.5,,山坡地保育區,丙種建築用地,1120806,土地4建物1車位1,全,3,透天厝,住家用,鋼筋混凝土造,,178.27,3,2,3,有,無,21800000,122286,一樓平面,16.2,0,交易總價含6地號土地款新台幣50萬元整,RPSNMLKKQHIGFIF68CB,青鳥之森,K棟K01號
三峽區,房地(土地+建物)+車位,新北市三峽區大德路,23.74,住,,,1120801,土地1建物1車位1,十層,12,住宅大樓(11層含以上有電梯),住家用,鋼筋混凝土造,,128.55,2,2,1,有,無,16220000,166296,坡道平面,43.04,2000000,,RPPNMLOLQHIGFIF98DB,女王萬歲2,A1棟10號
三峽區,房地(土地+建物)+車位,新北市三峽區大德路,23.74,住,,,1120805,土地1建物1車位1,八層,12,住宅大樓(11層含以上有電梯),住家用,鋼筋混凝土造,,128.58,2,2,1,有,無,16070000,163315,坡道平面,43.04,2100000,,RPRNMLOLQHIGFIF56DB,女王萬歲2,A2棟8號
三峽區,房地(土地+建物)+車位,新北市三峽區大德路,23.74,住,,,1120801,土地1建物1車位1,八層,12,住宅大樓(11層含以上有電梯),住家用,鋼筋混凝土造,,127.26,2,2,1,有,無,15760000,163256,坡道平面,41.75,1800000,,RPVNMLOLQHIGFIF96DB,女王萬歲2,A1棟8號
三峽區,房地(土地+建物),新北市三峽區大同路286巷,17.12,住,,,1120806,土地1建物1車位0,三層,9,華廈(10層含以下有電梯),住家用,鋼筋混凝土造,,75.63,2,2,1,有,無,7060000,93349,,0,0,106.6.27日第一次掛號申請建照,RPPNMLLJRHIGFIF48CB,青松安家,A2棟3樓號
三峽區,房地(土地+建物),新北市三峽區大同路286巷,21.18,住,,,1120808,土地1建物1車位0,三層,9,華廈(10層含以下有電梯),住家用,鋼筋混凝土造,,94.56,2,2,1,有,無,8860000,93697,,0,0,106.6.27日第一次掛號申請建照,RPQNMLLJRHIGFIF58CB,青松安家,A1棟3樓號
三峽區,房地(土地+建物)+車位,新北市三峽區大德路,16.4,住,,,1120813,土地1建物1車位1,十層,11,住宅大樓(11層含以上有電梯),住家用,鋼筋混凝土造,,139.65,2,2,2,有,無,17800000,161736,坡道平面,41.96,2000000,,RPPNMLPKQHIGFIF88CB,北大富御,C3棟10號
三峽區,房地(土地+建物)+車位,新北市三峽區大德路,23.74,住,,,1120819,土地1建物1車位1,六層,12,住宅大樓(11層含以上有電梯),住家用,鋼筋混凝土造,,128.58,2,2,1,有,無,15810000,160276,坡道平面,43.04,2100000,,RPUNMLOLQHIGFIF86DB,女王萬歲2,A2棟6號
三峽區,房地(土地+建物)+車位,新北市三峽區大德路,23.74,住,,,1120814,土地1建物1車位1,五層,12,住宅大樓(11層含以上有電梯),住家用,鋼筋混凝土造,,127.26,2,2,1,有,無,15380000,158812,坡道平面,41.75,1800000,,RPRNMLPLQHIGFIF66DB,女王萬歲2,A1棟5號
三峽區,房地(土地+建物)+車位,新北市三峽區大德路,23.74,住,,,1120820,土地1建物1車位1,四層,12,住宅大樓(11層含以上有電梯),住家用,鋼筋混凝土造,,128.55,2,2,1,有,無,15320000,155771,坡道平面,43.04,2000000,,RPTNMLPLQHIGFIF86DB,女王萬歲2,A1棟4號
三峽區,房地(土地+建物)+車位,新北市三峽區大德路,23.74,住,,,1120825,土地1建物1車位1,五層,12,住宅大樓(11層含以上有電梯),住家用,鋼筋混凝土造,,128.58,2,2,1,有,無,15580000,158756,坡道平面,43.04,2000000,,RPPNMLOJRHIGFIF88DB,女王萬歲2,A2棟5號
三峽區,房地(土地+建物)+車位,新北市三峽區橫溪路99巷,147.76,,山坡地保育區,丙種建築用地,1120826,土地4建物1車位1,全,3,透天厝,住家用,鋼筋混凝土造,,174.28,3,2,3,有,無,21380000,122676,一樓平面,16.43,0,交易總價含6地號土地款新台幣50萬元整,RPPNMLQJRHIGFIF98CB,青鳥之森,I棟I02號
三峽區,房地(土地+建物)+車位,新北市三峽區橫溪路99巷,185.29,,山坡地保育區,丙種建築用地,1120825,土地4建物1車位1,全,3,透天厝,住家用,鋼筋混凝土造,,178.42,3,2,3,有,無,22880000,128237,一樓平面,16.43,0,交易總價含6地號土地款新台幣50萬元整,RPQNMLQJRHIGFIF09CB,青鳥之森,F棟F01號
三峽區,房地(土地+建物),新北市三峽區橫溪路99巷,182.87,,山坡地保育區,丙種建築用地,1120829,土地4建物1車位0,全,4,透天厝,住家用,鋼筋混凝土造,,220.42,4,2,4,有,無,28500000,129299,,0,0,交易總價含6地號土地款新台幣50萬元整,RPRNMLQJRHIGFIF56CB,青鳥之森,O棟O03號
三峽區,房地(土地+建物),新北市三峽區橫溪路99巷,191.17,,山坡地保育區,丙種建築用地,1120913,土地4建物1車位0,全,4,透天厝,住家用,鋼筋混凝土造,,220.42,4,2,4,有,無,28700000,130206,,0,0,交易總價含6地號土地款新台幣50萬元整,RPOOMLPLRHIGFIF09CB,青鳥之森,O棟O10號
三峽區,房地(土地+建物),新北市三峽區橫溪路99巷,179.63,,山坡地保育區,丙種建築用地,1120911,土地4建物1車位0,全,4,透天厝,住家用,鋼筋混凝土造,,209.38,4,2,4,有,無,23880000,114051,,0,0,交易總價含6地號土地款新台幣50萬元整,RPQOMLPLRHIGFIF66CB,青鳥之森,C棟C03號
三峽區,房地(土地+建物)+車位,新北市三峽區大德路,23.74,住,,,1120916,土地1建物1車位1,六層,12,住宅大樓(11層含以上有電梯),住家用,鋼筋混凝土造,,127.26,2,2,1,有,無,15610000,160332,坡道平面,41.75,1900000,,RPPNMLQLRHIGFIF66DB,女王萬歲2,A1棟6號
三峽區,房地(土地+建物)+車位,新北市三峽區大德路,31.73,住,,,1120912,土地1建物1車位1,六層,12,住宅大樓(11層含以上有電梯),住家用,鋼筋混凝土造,,157.76,3,2,2,有,無,20390000,160303,坡道平面,43.04,2000000,,RPQNMLQLRHIGFIF76DB,女王萬歲2,A3棟6號
三峽區,房地(土地+建物),新北市三峽區大同路286巷,17.12,住,,,1120916,土地1建物1車位0,五層,9,華廈(10層含以下有電梯),住家用,鋼筋混凝土造,,75.63,2,2,1,有,無,7100000,93878,,0,0,106.6.27日第一次掛號申請建照,RPPNMLMKIIIGFIF87CB,青松安家,A2棟5樓號
三峽區,房地(土地+建物)+車位,新北市三峽區橫溪路99巷,162.56,,山坡地保育區,丙種建築用地,1120925,土地4建物1車位1,全,3,透天厝,住家用,鋼筋混凝土造,,178.74,3,2,3,有,無,21980000,122972,一樓平面,16.43,0,交易總價含6地號土地款新台幣50萬元整,RPPOMLPLRHIGFIF56CB,青鳥之森,E棟E03號
三峽區,房地(土地+建物)+車位,新北市三峽區橫溪路99巷,176.86,,山坡地保育區,丙種建築用地,1120922,土地4建物1車位1,全,3,透天厝,住家用,鋼筋混凝土造,,174.28,3,2,3,有,無,22980000,131857,一樓平面,16.43,0,交易總價含6地號土地款新台幣50萬元整,RPROMLPLRHIGFIF76CB,青鳥之森,H棟H02號
三峽區,房地(土地+建物)+車位,新北市三峽區大德路,31.85,住,,,1120922,土地1建物1車位1,九層,12,住宅大樓(11層含以上有電梯),住家用,鋼筋混凝土造,,157.91,3,2,2,有,無,21030000,164795,坡道平面,43.04,2100000,,RPPNMLOJIIIGFIF08DB,女王萬歲2,A5棟9號
三峽區,房地(土地+建物)+車位,新北市三峽區大德路,23.74,住,,,1120922,土地1建物1車位1,四層,12,住宅大樓(11層含以上有電梯),住家用,鋼筋混凝土造,,128.58,2,2,1,有,無,15420000,155717,坡道平面,43.04,2100000,,RPQNMLOJIIIGFIF18DB,女王萬歲2,A2棟4號
三峽區,房地(土地+建物)+車位,新北市三峽區大同路286巷,21.18,住,,,1120926,土地1建物1車位1,七層,9,華廈(10層含以下有電梯),住家用,鋼筋混凝土造,,129.27,2,2,1,有,無,10960000,96870,坡道平面,34.71,1800000,106.6.27日第一次掛號申請建照,RPQNMLMKIIIGFIF97CB,青松安家,A3棟7樓號
三峽區,房地(土地+建物)+車位,新北市三峽區橫溪路99巷,146.45,,山坡地保育區,丙種建築用地,1120930,土地4建物1車位1,全,3,透天厝,住家用,鋼筋混凝土造,,174.28,3,2,3,有,無,21200000,121643,一樓平面,16.43,0,交易總價含6地號土地款新台幣50萬元整,RPTNMLNKIIIGFIF38CB,青鳥之森,J棟J02號
三峽區,房地(土地+建物),新北市三峽區大同路286巷,21.18,住,,,1121002,土地1建物1車位0,五層,9,華廈(10層含以下有電梯),住家用,鋼筋混凝土造,,94.56,2,2,1,有,無,8880000,93909,,0,0,,RPRNMLMKIIIGFIF08CB,青松安家,A1棟5樓號
三峽區,房地(土地+建物)+車位,新北市三峽區大同路286巷,17.12,住,,,1121005,土地1建物1車位1,六層,9,華廈(10層含以下有電梯),住家用,鋼筋混凝土造,,110.34,2,2,1,有,無,9220000,96787,坡道平面,34.71,1900000,,RPSNMLMKIIIGFIF18CB,青松安家,A2棟6樓號
三峽區,房地(土地+建物)+車位,新北市三峽區大同路286巷,28.47,住,,,1121005,土地1建物1車位1,五層,9,華廈(10層含以下有電梯),住家用,鋼筋混凝土造,,163.91,3,2,2,有,無,13920000,93808,坡道平面,34.71,1800000,,RPTNMLMKIIIGFIF28CB,青松安家,B1棟5樓號
三峽區,房地(土地+建物)+車位,新北市三峽區大同路286巷,28.47,住,,,1121006,土地1建物1車位1,七層,9,華廈(10層含以下有電梯),住家用,鋼筋混凝土造,,163.91,3,2,2,有,無,14300000,96749,坡道平面,34.71,1800000,,RPUNMLMKIIIGFIF38CB,青松安家,B1棟7樓號
三峽區,房地(土地+建物),新北市三峽區大同路286巷,17.12,住,,,1121008,土地1建物1車位0,四層,9,華廈(10層含以下有電梯),住家用,鋼筋混凝土造,,75.63,2,2,1,有,無,7100000,93878,,0,0,,RPQNMLQJJIIGFIF38CB,青松安家,A2棟4樓號
三峽區,房地(土地+建物)+車位,新北市三峽區橫溪路99巷,153.02,,山坡地保育區,丙種建築用地,1121019,土地4建物1車位1,全,3,透天厝,住家用,鋼筋混凝土造,,174.77,3,2,3,有,無,21100000,120730,一樓平面,16.43,0,交易總價含6地號土地款新台幣50萬元整,RPPNMLPLIIIGFIF28CB,青鳥之森,J棟J03號
三峽區,房地(土地+建物)+車位,新北市三峽區橫溪路99巷,239.04,,山坡地保育區,丙種建築用地,1121015,土地4建物1車位1,全,4,透天厝,住家用,鋼筋混凝土造,,180.63,5,2,4,有,無,25500000,141173,一樓平面,0,0,交易總價含6地號土地款新台幣50萬元整,RPPNMLRLIIIGFIF48CB,青鳥之森,C棟C01號
三峽區,房地(土地+建物)+車位,新北市三峽區大同路286巷,17.12,住,,,1121014,土地1建物1車位1,八層,9,華廈(10層含以下有電梯),住家用,鋼筋混凝土造,,110.34,2,2,1,有,無,9330000,98241,坡道平面,34.71,1900000,,RPRNMLQJJIIGFIF48CB,青松安家,A2棟8樓號
三峽區,房地(土地+建物)+車位,新北市三峽區大同路286巷,28.34,住,,,1121016,土地1建物1車位2,四層,9,華廈(10層含以下有電梯),住家用,鋼筋混凝土造,,198.01,3,2,2,有,無,15660000,93786,坡道平面,69.42,3600000,,RPSNMLQJJIIGFIF58CB,青松安家,B2棟4樓號
三峽區,房地(土地+建物)+車位,新北市三峽區大同路286巷,22.06,住,,,1121016,土地1建物1車位1,三層,9,華廈(10層含以下有電梯),住家用,鋼筋混凝土造,,130.96,2,2,1,有,無,10830000,93818,坡道平面,34.71,1800000,,RPUNMLQJJIIGFIF78CB,青松安家,A4棟3樓號
三峽區,房地(土地+建物),新北市三峽區大同路286巷,21.18,住,,,1121019,土地1建物1車位0,六層,9,華廈(10層含以下有電梯),住家用,鋼筋混凝土造,,94.56,2,2,1,有,無,9100000,96235,,0,0,,RPVNMLQJJIIGFIF88CB,青松安家,A1棟6樓號
三峽區,房地(土地+建物)+車位,新北市三峽區大德路,31.85,住,,,1121020,土地1建物1車位1,八層,12,住宅大樓(11層含以上有電梯),住家用,鋼筋混凝土造,,157.91,3,2,2,有,無,20860000,163315,坡道平面,43.04,2100000,,RPPNMLRJJIIGFIF48DB,女王萬歲2,A5棟8號
三峽區,房地(土地+建物),新北市三峽區橫溪路99巷,318.16,,山坡地保育區,丙種建築用地,1121021,土地4建物1車位0,全,4,透天厝,住家用,鋼筋混凝土造,,266.49,4,2,5,有,無,31380000,117753,,0,0,交易總價含6地號土地款新台幣50萬元整親友、員工、共有人或其他特殊關係間之交易；,RPPNMLQLIIIGFIF38CB,青鳥之森,O棟O01號
三峽區,房地(土地+建物),新北市三峽區大同路48巷與48巷17弄交叉口,26.88,商,,,1121029,土地1建物1車位0,一層,7,華廈(10層含以下有電梯),住家用,鋼筋混凝土造,,152.88,3,1,2,有,無,20500000,134092,,0,0,,RPQNMLKMIIIGFIF97CB,荷蘊謙,A棟1號
三峽區,房地(土地+建物)+車位,新北市三峽區橫溪路99巷,152.19,,山坡地保育區,丙種建築用地,1121027,土地4建物1車位1,全,3,透天厝,住家用,鋼筋混凝土造,,174.39,3,2,3,有,無,20980000,120305,一樓平面,16.43,0,交易總價含6地號土地款新台幣50萬元整,RPTNMLLJJIIGFIF18CB,青鳥之森,G棟G05號
三峽區,房地(土地+建物)+車位,新北市三峽區橫溪路99巷,142.73,,山坡地保育區,丙種建築用地,1121030,土地4建物1車位1,全,3,透天厝,住家用,鋼筋混凝土造,,176.15,3,2,3,有,無,20160000,114448,一樓平面,16.2,0,交易總價含6地號土地款新台幣50萬元整,RPUNMLLJJIIGFIF28CB,青鳥之森,K棟K03號
三峽區,房地(土地+建物),新北市三峽區大同路286巷,17.12,住,,,1121027,土地1建物1車位0,七層,9,華廈(10層含以下有電梯),住家用,鋼筋混凝土造,,75.63,2,2,1,有,無,7430000,98241,,0,0,,RPWNMLQJJIIGFIF98CB,青松安家,A2棟7樓號
三峽區,房地(土地+建物)+車位,新北市三峽區大德路,23.74,住,,,1121029,土地1建物1車位1,十層,12,住宅大樓(11層含以上有電梯),住家用,鋼筋混凝土造,,128.58,2,2,1,有,無,16330000,166355,坡道平面,43.04,2100000,,RPQNMLRJJIIGFIF58DB,女王萬歲2,A2棟10號
三峽區,房地(土地+建物),新北市三峽區中華路,13.02,商,,,1121111,土地1建物1車位0,一層,11,住宅大樓(11層含以上有電梯),商業用,鋼筋混凝土造,,71.38,0,0,2,有,無,15220000,213225,,0,0,此戶包含約定專用庭院面積,RPTNMLLLJIIGFIF38CB,立信園中心,F棟1號
三峽區,房地(土地+建物)+車位,新北市三峽區橫溪路99巷,153.24,,山坡地保育區,丙種建築用地,1121113,土地4建物1車位1,全,3,透天厝,住家用,鋼筋混凝土造,,174.78,3,2,3,有,無,21080000,120609,一樓平面,16.43,0,交易總價含6地號土地款新台幣50萬元整,RPSNMLNLJIIGFIF48CB,青鳥之森,G棟G06號
三峽區,房地(土地+建物)+車位,新北市三峽區大同路286巷,21.18,住,,,1121116,土地1建物1車位1,八層,9,華廈(10層含以下有電梯),住家用,鋼筋混凝土造,,130.92,2,2,1,有,無,11080000,98139,坡道平面,36.36,1800000,,RPPNMLMKKIIGFIF08CB,青松安家,A1棟8樓號
三峽區,房地(土地+建物)+車位,新北市三峽區橫溪路99巷,152.19,,山坡地保育區,丙種建築用地,1121124,土地4建物1車位1,全,3,透天厝,住家用,鋼筋混凝土造,,174.77,3,2,3,有,無,20980000,120043,一樓平面,16.43,0,交易總價含6地號土地款新台幣50萬元整,RPUNMLSJKIIGFIF09CB,青鳥之森,G棟G03號
三峽區,房地(土地+建物)+車位,新北市三峽區橫溪路99巷,175.86,,山坡地保育區,丙種建築用地,1121123,土地4建物1車位1,全,3,透天厝,住家用,鋼筋混凝土造,,174.77,3,2,3,有,無,22980000,131487,一樓平面,16.43,0,交易總價含6地號土地款新台幣50萬元整,RPVNMLSJKIIGFIF56CB,青鳥之森,H棟H03號
三峽區,房地(土地+建物),新北市三峽區橫溪路99巷,167.34,,山坡地保育區,丙種建築用地,1121125,土地4建物1車位0,全,4,透天厝,住家用,鋼筋混凝土造,,243.41,4,2,4,有,無,29280000,120291,,0,0,交易總價含6地號土地款新台幣50萬元整,RPWNMLSJKIIGFIF66CB,青鳥之森,M棟M02號
三峽區,房地(土地+建物),新北市三峽區橫溪路99巷,182.36,,山坡地保育區,丙種建築用地,1121130,土地4建物1車位0,全,4,透天厝,住家用,鋼筋混凝土造,,220.42,4,2,4,有,無,26970000,122357,,0,0,交易總價含6地號土地款新台幣50萬元整,RPSNMLPKKIIGFIF68CB,青鳥之森,O棟O06號
三峽區,房地(土地+建物),新北市三峽區橫溪路99巷,181.85,,山坡地保育區,丙種建築用地,1121130,土地4建物1車位0,全,4,透天厝,住家用,鋼筋混凝土造,,220.42,4,2,4,有,無,28400000,128845,,0,0,交易總價含6地號土地款新台幣50萬元整,RPTNMLPKKIIGFIF78CB,青鳥之森,O棟O08號
三峽區,房地(土地+建物)+車位,新北市三峽區橫溪路99巷,146.64,,山坡地保育區,丙種建築用地,1121130,土地4建物1車位1,全,3,透天厝,住家用,鋼筋混凝土造,,174.77,3,2,3,有,無,21150000,121016,一樓平面,16.43,0,交易總價含6地號土地款新台幣50萬元整,RPVNMLPKKIIGFIF98CB,青鳥之森,I棟I03號
三峽區,房地(土地+建物),新北市三峽區橫溪路99巷,184.14,,山坡地保育區,丙種建築用地,1121129,土地4建物1車位0,全,4,透天厝,住家用,鋼筋混凝土造,,243.88,4,2,4,有,無,28800000,118091,,0,0,交易總價含6地號土地款新台幣50萬元整,RPWNMLPKKIIGFIF09CB,青鳥之森,N棟N01號
三峽區,房地(土地+建物),新北市三峽區橫溪路99巷,189.66,,山坡地保育區,丙種建築用地,1121129,土地4建物1車位0,全,4,透天厝,住家用,鋼筋混凝土造,,247.97,4,2,4,有,無,29800000,120176,,0,0,交易總價含6地號土地款新台幣50萬元整,RPXNMLPKKIIGFIF56CB,青鳥之森,M棟M05號
三峽區,房地(土地+建物)+車位,新北市三峽區橫溪路99巷,174.34,,山坡地保育區,丙種建築用地,1121129,土地4建物1車位1,全,3,透天厝,住家用,鋼筋混凝土造,,174.28,3,2,3,有,無,23000000,131972,一樓平面,16.43,0,交易總價含6地號土地款新台幣50萬元整,RPOOMLPKKIIGFIF38CB,青鳥之森,H棟H05號
三峽區,房地(土地+建物)+車位,新北市三峽區橫溪路99巷,152.72,,山坡地保育區,丙種建築用地,1121129,土地4建物1車位1,全,3,透天厝,住家用,鋼筋混凝土造,,174.39,3,2,3,有,無,20980000,120305,一樓平面,16.43,0,交易總價含6地號土地款新台幣50萬元整,RPPOMLPKKIIGFIF48CB,青鳥之森,G棟G02號
三峽區,房地(土地+建物)+車位,新北市三峽區橫溪路99巷,165.4,,山坡地保育區,丙種建築用地,1121129,土地4建物1車位1,全,3,透天厝,住家用,鋼筋混凝土造,,178.74,3,2,3,有,無,21880000,122412,一樓平面,16.43,0,交易總價含6地號土地款新台幣50萬元整,RPQOMLPKKIIGFIF58CB,青鳥之森,G棟G01號
三峽區,房地(土地+建物),新北市三峽區大同路286巷,21.18,住,,,1121202,土地1建物1車位0,七層,9,華廈(10層含以下有電梯),住家用,鋼筋混凝土造,,94.56,2,2,1,有,無,9230000,97610,,0,0,,RPQNMLMKKIIGFIF18CB,青松安家,A1棟7樓號
三峽區,房地(土地+建物),新北市三峽區大同路286巷,21.18,住,,,1121202,土地1建物1車位0,四層,9,華廈(10層含以下有電梯),住家用,鋼筋混凝土造,,94.56,2,2,1,有,無,9010000,95283,,0,0,,RPRNMLMKKIIGFIF28CB,青松安家,A1棟4樓號
三峽區,房地(土地+建物)+車位,新北市三峽區大同路286巷,21.18,住,,,1121207,土地1建物1車位1,九層,9,華廈(10層含以下有電梯),住家用,鋼筋混凝土造,,129.27,2,2,1,有,無,11080000,98139,坡道平面,34.71,1800000,,RPSNMLMKKIIGFIF38CB,青松安家,A1棟9樓號
三峽區,房地(土地+建物),新北市三峽區橫溪路99巷,253.62,,山坡地保育區,丙種建築用地,1121203,土地4建物1車位0,全,4,透天厝,住家用,鋼筋混凝土造,,271.1,4,2,4,有,無,36530000,134747,,0,0,交易總價含6地號土地款新台幣50萬元整,RPQNMLPKKIIGFIF48CB,青鳥之森,O棟O11號
三峽區,房地(土地+建物)+車位,新北市三峽區橫溪路99巷,167.03,,山坡地保育區,丙種建築用地,1121205,土地4建物1車位1,全,3,透天厝,住家用,鋼筋混凝土造,,178.74,3,2,3,有,無,22000000,123084,一樓平面,16.43,0,交易總價含6地號土地款新台幣50萬元整,RPRNMLPKKIIGFIF58CB,青鳥之森,D棟D05號
三峽區,房地(土地+建物)+車位,新北市三峽區橫溪路99巷,161.24,,山坡地保育區,丙種建築用地,1121208,土地4建物1車位1,全,3,透天厝,住家用,鋼筋混凝土造,,174.06,3,2,3,有,無,22000000,126393,一樓平面,16.43,0,交易總價含6地號土地款新台幣50萬元整,RPUNMLPKKIIGFIF88CB,青鳥之森,F棟F03號
三峽區,房地(土地+建物)+車位,新北市三峽區大德路,31.73,住,,,1121203,土地1建物1車位1,八層,12,住宅大樓(11層含以上有電梯),住家用,鋼筋混凝土造,,157.76,3,2,2,有,無,20740000,163354,坡道平面,43.04,2000000,,RPPNMLKLKIIGFIF08DB,女王萬歲2,A3棟8號
三峽區,房地(土地+建物)+車位,新北市三峽區大同路286巷,28.34,住,,,1121212,土地1建物1車位1,七層,9,華廈(10層含以下有電梯),住家用,鋼筋混凝土造,,163.3,3,2,2,有,無,14340000,96742,坡道平面,34.71,1900000,,RPTNMLMKKIIGFIF48CB,青松安家,B2棟7樓號
三峽區,房地(土地+建物)+車位,新北市三峽區大德路,31.85,住,,,1121211,土地1建物1車位1,七層,12,住宅大樓(11層含以上有電梯),住家用,鋼筋混凝土造,,157.91,3,2,2,有,無,20790000,161835,坡道平面,43.04,2200000,,RPQNMLKLKIIGFIF18DB,女王萬歲2,A5棟7號
三峽區,房地(土地+建物)+車位,新北市三峽區大德路,32.43,住,,,1121212,土地1建物1車位1,十二層,12,住宅大樓(11層含以上有電梯),住家用,鋼筋混凝土造,,160.29,3,2,2,有,無,23290000,180725,坡道平面,43.04,2100000,露台約5.18坪,RPRNMLKLKIIGFIF28DB,女王萬歲2,A3棟12號
三峽區,房地(土地+建物)+車位,新北市三峽區大德路,24.09,住,,,1121212,土地1建物1車位1,十二層,12,住宅大樓(11層含以上有電梯),住家用,鋼筋混凝土造,,129.89,2,2,1,有,無,18140000,185838,坡道平面,43.04,2000000,露台約6.12坪,RPTNMLKLKIIGFIF48DB,女王萬歲2,A2棟12號
三峽區,房地(土地+建物),新北市三峽區中華路,14.33,商,,,1121215,土地1建物1車位0,十一層,11,住宅大樓(11層含以上有電梯),住家用,鋼筋混凝土造,,78.6,3,2,2,有,無,10680000,135878,,0,0,,RPSNMLPLKIIGFIF78CB,立信園中心,C棟11號
三峽區,房地(土地+建物)+車位,新北市三峽區橫溪路99巷,151.03,,山坡地保育區,丙種建築用地,1121225,土地4建物1車位1,全,3,透天厝,住家用,鋼筋混凝土造,,174.06,3,2,3,有,無,21350000,122659,一樓平面,16.43,0,交易總價含6地號土地款新台幣50萬元整,RPPNMLKKJHJGFIF77CB,青鳥之森,F棟F06號
三峽區,房地(土地+建物),新北市三峽區橫溪路99巷,165.99,,山坡地保育區,丙種建築用地,1121229,土地4建物1車位0,全,4,透天厝,住家用,鋼筋混凝土造,,239.57,4,2,4,有,無,28300000,118128,,0,0,交易總價含6地號土地款新台幣50萬元整,RPPNMLRKJHJGFIF48CB,青鳥之森,N棟N02號
三峽區,房地(土地+建物),新北市三峽區橫溪路99巷,181.6,,山坡地保育區,丙種建築用地,1121229,土地4建物1車位0,全,4,透天厝,住家用,鋼筋混凝土造,,220.42,4,2,4,有,無,28580000,129662,,0,0,交易總價含6地號土地款新台幣50萬元整,RPQNMLRKJHJGFIF58CB,青鳥之森,O棟O09號
三峽區,房地(土地+建物)+車位,新北市三峽區橫溪路99巷,168.57,,山坡地保育區,丙種建築用地,1121229,土地4建物1車位1,全,3,透天厝,住家用,鋼筋混凝土造,,178.74,3,2,3,有,無,22580000,126329,一樓平面,16.43,0,交易總價含6地號土地款新台幣50萬元整,RPSNMLRKJHJGFIF78CB,青鳥之森,F棟F07號
三峽區,房地(土地+建物)+車位,新北市三峽區橫溪路99巷,180.03,,山坡地保育區,丙種建築用地,1130106,土地4建物1車位1,全,3,透天厝,住家用,鋼筋混凝土造,,178.47,3,2,3,有,無,22580000,126520,一樓平面,16.43,0,交易總價含6地號土地款新台幣50萬元整,RPRNMLRKJHJGFIF68CB,青鳥之森,H棟H01號
三峽區,房地(土地+建物)+車位,新北市三峽區大德路,31.85,住,,,1130131,土地1建物1車位1,十層,12,住宅大樓(11層含以上有電梯),住家用,鋼筋混凝土造,,157.91,3,2,2,有,無,21120000,165578,坡道平面,43.04,2100000,,RPPNMLPJKHJGFIF38DB,女王萬歲2,A5棟10號
三峽區,房地(土地+建物)+車位,新北市三峽區大德路,23.74,住,,,1130203,土地1建物1車位1,六層,12,住宅大樓(11層含以上有電梯),住家用,鋼筋混凝土造,,128.58,2,2,1,有,無,15810000,160276,坡道平面,43.04,2100000,,RPPNMLSKKHJGFIF78DB,女王萬歲2,A2棟6號
三峽區,房地(土地+建物)+車位,新北市三峽區大同路286巷,28.34,住,,,1130205,土地1建物1車位1,八層,9,華廈(10層含以下有電梯),住家用,鋼筋混凝土造,,163.3,3,2,2,有,無,14500000,97986,坡道平面,34.71,1900000,,RPPNMLLJLHJGFIF97CB,青松安家,B2棟8樓號
三峽區,房地(土地+建物)+車位,新北市三峽區大同路286巷,28.47,住,,,1130221,土地1建物1車位1,八層,9,華廈(10層含以下有電梯),住家用,鋼筋混凝土造,,163.91,3,2,2,有,無,14600000,98297,坡道平面,34.71,1900000,,RPPNMLOJLHJGFIF28CB,青松安家,B1棟8樓號
三峽區,房地(土地+建物)+車位,新北市三峽區大同路286巷,28.34,住,,,1130224,土地1建物1車位1,九層,9,華廈(10層含以下有電梯),住家用,鋼筋混凝土造,,163.3,3,2,2,有,無,14730000,99774,坡道平面,34.71,1900000,,RPQNMLOJLHJGFIF38CB,青松安家,B2棟9樓號
三峽區,房地(土地+建物)+車位,新北市三峽區大同路286巷,21.18,住,,,1130224,土地1建物1車位1,六層,9,華廈(10層含以下有電梯),住家用,鋼筋混凝土造,,129.27,2,2,1,有,無,10950000,96764,坡道平面,34.71,1800000,,RPRNMLOJLHJGFIF48CB,青松安家,A3棟6樓號
三峽區,房地(土地+建物)+車位,新北市三峽區大德路,23.74,住,,,1130224,土地1建物1車位1,三層,12,住宅大樓(11層含以上有電梯),住家用,鋼筋混凝土造,,128.55,2,2,1,有,無,16690000,170623,坡道平面,43.04,2100000,露台約5.06坪,RPPNMLOJLHJGFIF38DB,女王萬歲2,A1棟3號
三峽區,房地(土地+建物)+車位,新北市三峽區橫溪路99巷,154.5,,山坡地保育區,丙種建築用地,1130226,土地4建物1車位1,全,3,透天厝,住家用,鋼筋混凝土造,,178.27,3,2,3,有,無,21800000,122286,一樓平面,16.2,0,交易總價含6地號土地款新台幣50萬元整,RPTNMLLKLHJGFIF48CB,青鳥之森,K棟K01號
三峽區,房地(土地+建物)+車位,新北市三峽區大同路286巷,21.18,住,,,1130308,土地1建物1車位1,四層,9,華廈(10層含以下有電梯),住家用,鋼筋混凝土造,,129.27,2,2,1,有,無,10950000,96764,坡道平面,34.71,1800000,,RPQNMLSLLHJGFIF98CB,青松安家,A3棟4樓號
三峽區,房地(土地+建物)+車位,新北市三峽區大德路,31.73,住,,,1130316,土地1建物1車位1,七層,12,住宅大樓(11層含以上有電梯),住家用,鋼筋混凝土造,,158.72,3,2,2,有,無,20660000,161785,坡道平面,44,2100000,,RPPNMLPLLHJGFIF68DB,女王萬歲2,A3棟7號
三峽區,房地(土地+建物)+車位,新北市三峽區大同路286巷,21.18,住,,,1130311,土地1建物1車位1,八層,9,華廈(10層含以下有電梯),住家用,鋼筋混凝土造,,129.27,2,2,1,有,無,11250000,99937,坡道平面,34.71,1800000,,RPRNMLSLLHJGFIF09CB,青松安家,A3棟8樓號
三峽區,房地(土地+建物)+車位,新北市三峽區大同路286巷,28.47,住,,,1130312,土地1建物1車位1,九層,9,華廈(10層含以下有電梯),住家用,鋼筋混凝土造,,163.91,3,2,2,有,無,14800000,99845,坡道平面,34.71,1900000,,RPSNMLSLLHJGFIF56CB,青松安家,B1棟9樓號
三峽區,房地(土地+建物)+車位,新北市三峽區大同路286巷,21.18,住,,,1130401,土地1建物1車位1,三層,9,華廈(10層含以下有電梯),住家用,鋼筋混凝土造,,127.62,2,2,1,有,無,10950000,96764,坡道平面,33.06,1800000,,RPRNMLMLMHJGFIF58CB,青松安家,A3棟3樓號
三峽區,房地(土地+建物),新北市三峽區大同路286巷,21.18,住,,,1130401,土地1建物1車位0,九層,9,華廈(10層含以下有電梯),住家用,鋼筋混凝土造,,94.56,2,2,1,有,無,9500000,100465,,0,0,,RPSNMLMLMHJGFIF68CB,青松安家,A3棟9樓號
三峽區,房地(土地+建物)+車位,新北市三峽區大同路286巷,22.06,住,,,1130401,土地1建物1車位1,四層,9,華廈(10層含以下有電梯),住家用,鋼筋混凝土造,,130.96,2,2,1,有,無,11210000,96727,坡道平面,34.71,1900000,,RPTNMLMLMHJGFIF78CB,青松安家,A4棟4樓號
三峽區,房地(土地+建物)+車位,新北市三峽區大同路286巷,22.06,住,,,1130401,土地1建物1車位1,七層,9,華廈(10層含以下有電梯),住家用,鋼筋混凝土造,,130.96,2,2,1,有,無,11400000,99740,坡道平面,34.71,1800000,,RPUNMLMLMHJGFIF88CB,青松安家,A4棟7樓號
三峽區,房地(土地+建物)+車位,新北市三峽區大同路286巷,28.47,住,,,1130410,土地1建物1車位1,三層,9,華廈(10層含以下有電梯),住家用,鋼筋混凝土造,,162.26,3,2,2,有,無,14300000,96749,坡道平面,33.06,1800000,,RPVNMLMLMHJGFIF98CB,青松安家,B1棟3樓號
三峽區,房地(土地+建物)+車位,新北市三峽區大同路286巷,28.34,住,,,1130418,土地1建物1車位1,二層,9,華廈(10層含以下有電梯),住家用,鋼筋混凝土造,,163.3,3,2,2,有,無,14620000,98919,坡道平面,34.71,1900000,,RPUNMLNKNHJGFIF98CB,青松安家,B2棟2樓號
三峽區,房地(土地+建物)+車位,新北市三峽區大同路286巷,22.06,住,,,1130429,土地1建物1車位1,五層,9,華廈(10層含以下有電梯),住家用,鋼筋混凝土造,,130.96,2,2,1,有,無,11210000,96727,坡道平面,34.71,1900000,,RPPNMLNKNHJGFIF48CB,青松安家,A4棟5樓號
三峽區,房地(土地+建物),新北市三峽區大同路286巷,22.06,住,,,1130427,土地1建物1車位0,八層,9,華廈(10層含以下有電梯),住家用,鋼筋混凝土造,,96.25,2,2,1,有,無,9600000,99740,,0,0,,RPRNMLNKNHJGFIF68CB,青松安家,A4棟8樓號
三峽區,房地(土地+建物)+車位,新北市三峽區大德路,31.73,住,,,1130428,土地1建物1車位1,十層,12,住宅大樓(11層含以上有電梯),住家用,鋼筋混凝土造,,157.76,3,2,2,有,無,21090000,166405,坡道平面,43.04,2000000,,RPPNMLNKNHJGFIF58DB,女王萬歲2,A3棟10號
三峽區,房地(土地+建物)+車位,新北市三峽區大同路286巷,22.06,住,,,1130502,土地1建物1車位1,六層,9,華廈(10層含以下有電梯),住家用,鋼筋混凝土造,,132.61,2,2,1,有,無,11360000,98286,坡道平面,36.36,1900000,,RPQNMLNKNHJGFIF58CB,青松安家,A4棟6樓號
三峽區,房地(土地+建物)+車位,新北市三峽區大同路286巷,22.06,住,,,1130503,土地1建物1車位1,九層,9,華廈(10層含以下有電梯),住家用,鋼筋混凝土造,,132.61,2,2,1,有,無,11770000,100468,坡道平面,36.36,2100000,,RPSNMLNKNHJGFIF78CB,青松安家,A4棟9樓號
三峽區,房地(土地+建物),新北市三峽區大同路286巷,28.34,住,,,1130506,土地1建物1車位0,五層,9,華廈(10層含以下有電梯),住家用,鋼筋混凝土造,,128.59,3,2,2,有,無,12450000,96819,,0,0,,RPVNMLNKNHJGFIF09CB,青松安家,B2棟5樓號
三峽區,房地(土地+建物)+車位,新北市三峽區大同路286巷,21.22,住,,,1130508,土地1建物1車位1,五層,9,華廈(10層含以下有電梯),住家用,鋼筋混凝土造,,129.78,2,2,1,有,無,11130000,96660,坡道平面,36.36,2100000,,RPPNMLOKNHJGFIF58CB,青松安家,A5棟5樓號
三峽區,房地(土地+建物)+車位,新北市三峽區大德路,31.73,住,,,1130509,土地1建物1車位1,九層,12,住宅大樓(11層含以上有電梯),住家用,鋼筋混凝土造,,157.76,3,2,2,有,無,20910000,164836,坡道平面,43.04,2000000,,RPQNMLOKNHJGFIF78DB,女王萬歲2,A3棟9號
三峽區,房地(土地+建物),新北市三峽區橫溪路99巷,118.04,,山坡地保育區,丙種建築用地,1130525,土地10建物1車位0,六層,6,華廈(10層含以下有電梯),住家用,鋼筋混凝土造,,108.15,3,2,2,有,無,14530000,134350,,0,0,交易總價含溪東段808、809、810地號土地款新台幣160萬元整,RPQPMLTLNHJGFIF86CB,青鳥之美,A棟A3-6F號
三峽區,房地(土地+建物),新北市三峽區橫溪路99巷,71.3,,山坡地保育區,丙種建築用地,1130525,土地10建物1車位0,二層,6,華廈(10層含以下有電梯),住家用,鋼筋混凝土造,,108.15,3,2,2,有,無,12530000,115858,,0,0,交易總價含溪東段808、809、810地號土地款新台幣5萬元整,RPQNMLMKOHJGFIF58CB,青鳥之美,A棟A3-2F號
三峽區,房地(土地+建物)+車位,新北市三峽區橫溪路99巷,53.71,,山坡地保育區,丙種建築用地,1130524,土地10建物1車位1,二層,6,華廈(10層含以下有電梯),住家用,鋼筋混凝土造,,105.09,2,2,1,有,無,11470000,116238,坡道平面,24.91,2150000,交易總價含溪東段808、809、810地號土地款新台幣5萬元整,RPRNMLMKOHJGFIF68CB,青鳥之美,A棟A1-2F號
三峽區,房地(土地+建物),新北市三峽區橫溪路99巷,118.02,,山坡地保育區,丙種建築用地,1130524,土地10建物1車位0,四層,6,華廈(10層含以下有電梯),住家用,鋼筋混凝土造,,108.15,3,2,2,有,無,13940000,128895,,0,0,交易總價含溪東段808、809、810地號土地款新台幣160萬元整,RPSNMLMKOHJGFIF78CB,青鳥之美,A棟A3-4F號
三峽區,房地(土地+建物),新北市三峽區橫溪路99巷,103.87,,山坡地保育區,丙種建築用地,1130524,土地10建物1車位0,三層,6,華廈(10層含以下有電梯),住家用,鋼筋混凝土造,,85.62,2,2,1,有,無,12500000,145994,,0,0,交易總價含溪東段808、809、810地號土地款新台幣160萬元整,RPTNMLMKOHJGFIF88CB,青鳥之美,B棟B5-3F號
三峽區,房地(土地+建物),新北市三峽區橫溪路99巷,103.87,,山坡地保育區,丙種建築用地,1130524,土地10建物1車位0,六層,6,華廈(10層含以下有電梯),住家用,鋼筋混凝土造,,85.62,2,2,1,有,無,12740000,148797,,0,0,交易總價含溪東段808、809、810地號土地款新台幣160萬元整,RPUNMLMKOHJGFIF98CB,青鳥之美,B棟B5-6F號
三峽區,房地(土地+建物),新北市三峽區橫溪路99巷,100.45,,山坡地保育區,丙種建築用地,1130524,土地10建物1車位0,三層,6,華廈(10層含以下有電梯),住家用,鋼筋混凝土造,,80.18,2,2,1,有,無,11140000,138937,,0,0,交易總價含溪東段808、809、810地號土地款新台幣160萬元整,RPWNMLMKOHJGFIF56CB,青鳥之美,A棟A1-3F號
三峽區,房地(土地+建物),新北市三峽區橫溪路99巷,118.04,,山坡地保育區,丙種建築用地,1130525,土地10建物1車位0,五層,6,華廈(10層含以下有電梯),住家用,鋼筋混凝土造,,108.15,3,2,2,有,無,14330000,132501,,0,0,交易總價含溪東段808、809、810地號土地款新台幣160萬元整,RPXNMLMKOHJGFIF66CB,青鳥之美,A棟A3-5F號
三峽區,房地(土地+建物),新北市三峽區橫溪路99巷,97.49,,山坡地保育區,丙種建築用地,1130525,土地10建物1車位0,五層,6,華廈(10層含以下有電梯),住家用,鋼筋混凝土造,,75.45,2,2,1,有,無,10780000,142876,,0,0,交易總價含溪東段808、809、810地號土地款新台幣160萬元整,RPOOMLMKOHJGFIF48CB,青鳥之美,A棟A2-5F號
三峽區,房地(土地+建物),新北市三峽區橫溪路99巷,124.11,,山坡地保育區,丙種建築用地,1130525,土地10建物1車位0,五層,6,華廈(10層含以下有電梯),住家用,鋼筋混凝土造,,117.82,3,2,2,有,無,16360000,138856,,0,0,交易總價含溪東段808、809、810地號土地款新台幣160萬元整,RPPOMLMKOHJGFIF58CB,青鳥之美,B棟B3-5F號
三峽區,房地(土地+建物),新北市三峽區橫溪路99巷,126.16,,山坡地保育區,丙種建築用地,1130527,土地10建物1車位0,三層,6,華廈(10層含以下有電梯),住家用,鋼筋混凝土造,,121.08,3,2,2,有,無,16200000,133796,,0,0,交易總價含溪東段808、809、810地號土地款新台幣160萬元整,RPROMLMKOHJGFIF78CB,青鳥之美,B棟B2-3F號
三峽區,房地(土地+建物),新北市三峽區橫溪路99巷,97.49,,山坡地保育區,丙種建築用地,1130529,土地10建物1車位0,二層,6,華廈(10層含以下有電梯),住家用,鋼筋混凝土造,,75.45,2,2,1,有,無,10660000,141286,,0,0,交易總價含溪東段808、809、810地號土地款新台幣160萬元整,RPTOMLMKOHJGFIF98CB,青鳥之美,A棟A2-2F號
三峽區,房地(土地+建物),新北市三峽區橫溪路99巷,97.49,,山坡地保育區,丙種建築用地,1130524,土地10建物1車位0,一層,6,華廈(10層含以下有電梯),住家用,鋼筋混凝土造,,75.45,2,2,1,有,無,11050000,146455,,0,0,1.交易總價含溪東段808、809、810地號土地款新台幣160萬元整2.此戶為露台戶,RPPNMLRKOHJGFIF98CB,青鳥之美,A棟A2-1F號
三峽區,房地(土地+建物)+車位,新北市三峽區橫溪路99巷,71.35,,山坡地保育區,丙種建築用地,1130525,土地10建物1車位1,一層,6,華廈(10層含以下有電梯),住家用,鋼筋混凝土造,,133.15,3,2,2,有,無,17600000,139967,坡道平面,24.91,2450000,1.交易總價含溪東段808、809、810地號土地款新台幣5萬元整2.此戶為露台戶,RPQNMLRKOHJGFIF09CB,青鳥之美,B棟B3-1F號
三峽區,房地(土地+建物),新北市三峽區橫溪路99巷,99.56,,山坡地保育區,丙種建築用地,1130527,土地10建物1車位0,一層,6,華廈(10層含以下有電梯),住家用,鋼筋混凝土造,,78.78,2,2,1,有,無,11680000,148261,,0,0,1.交易總價含溪東段808、809、810地號土地款新台幣160萬元整2.此戶為露台戶,RPRNMLRKOHJGFIF56CB,青鳥之美,B棟B1-1F號
三峽區,房地(土地+建物),新北市三峽區橫溪路99巷,103.87,,山坡地保育區,丙種建築用地,1130528,土地10建物1車位0,二層,6,華廈(10層含以下有電梯),住家用,鋼筋混凝土造,,85.62,2,2,1,有,無,12850000,150082,,0,0,1.交易總價含溪東段808、809、810地號土地款新台幣160萬元整2.此戶為露台戶,RPSNMLRKOHJGFIF66CB,青鳥之美,B棟B5-2F號
三峽區,房地(土地+建物),新北市三峽區橫溪路99巷,100.45,,山坡地保育區,丙種建築用地,1130601,土地10建物1車位0,六層,6,華廈(10層含以下有電梯),住家用,鋼筋混凝土造,,80.18,2,2,1,有,無,11300000,140933,,0,0,交易總價含溪東段808、809、810地號土地款新台幣160萬元整,RPUOMLMKOHJGFIF09CB,青鳥之美,A棟A1-6F號
三峽區,房地(土地+建物),新北市三峽區大同路286巷,22.06,住,,,1130604,土地1建物1車位0,二層,9,華廈(10層含以下有電梯),住家用,鋼筋混凝土造,,96.25,2,2,1,有,無,10150000,105455,,0,0,,RPVOMLMKOHJGFIF56CB,青松安家,A4棟2樓號
三峽區,房地(土地+建物),新北市三峽區大同路286巷,21.22,住,,,1130607,土地1建物1車位0,七層,9,華廈(10層含以下有電梯),住家用,鋼筋混凝土造,,93.42,2,2,1,有,無,9180000,98266,,0,0,,RPWOMLMKOHJGFIF66CB,青松安家,A5棟7樓號
三峽區,房地(土地+建物),新北市三峽區橫溪路99巷,118.02,,山坡地保育區,丙種建築用地,1130605,土地10建物1車位0,三層,6,華廈(10層含以下有電梯),住家用,鋼筋混凝土造,,108.15,3,2,2,有,無,14120000,130559,,0,0,交易總價含溪東段808、809、810地號土地款新台幣160萬元整,RPVNMLRKOHJGFIF96CB,青鳥之美,A棟A3-3F號
三峽區,房地(土地+建物),新北市三峽區橫溪路99巷,100.45,,山坡地保育區,丙種建築用地,1130605,土地10建物1車位0,五層,6,華廈(10層含以下有電梯),住家用,鋼筋混凝土造,,80.18,2,2,1,有,無,11180000,139436,,0,0,交易總價含溪東段808、809、810地號土地款新台幣160萬元整,RPWNMLRKOHJGFIF07CB,青鳥之美,A棟A1-5F號
三峽區,房地(土地+建物),新北市三峽區橫溪路99巷,50.75,,山坡地保育區,丙種建築用地,1130605,土地10建物1車位0,三層,6,華廈(10層含以下有電梯),住家用,鋼筋混凝土造,,75.45,2,2,1,有,無,9000000,119284,,0,0,交易總價含溪東段808、809、810地號土地款新台幣5萬元整,RPXNMLRKOHJGFIF17CB,青鳥之美,A棟A2-3F號
三峽區,房地(土地+建物),新北市三峽區橫溪路99巷,50.75,,山坡地保育區,丙種建築用地,1130605,土地10建物1車位0,六層,6,華廈(10層含以下有電梯),住家用,鋼筋混凝土造,,75.45,2,2,1,有,無,9120000,120875,,0,0,交易總價含溪東段808、809、810地號土地款新台幣5萬元整,RPOOMLRKOHJGFIF98CB,青鳥之美,A棟A2-6F號
三峽區,房地(土地+建物),新北市三峽區橫溪路99巷,55.85,,山坡地保育區,丙種建築用地,1130607,土地10建物1車位0,四層,6,華廈(10層含以下有電梯),住家用,鋼筋混凝土造,,83.61,2,2,1,有,無,10930000,130726,,0,0,交易總價含溪東段808、809、810地號土地款新台幣5萬元整,RPQOMLRKOHJGFIF56CB,青鳥之美,B棟B1-4F號
三峽區,房地(土地+建物)+車位,新北市三峽區大德路,31.85,住,,,1130607,土地1建物1車位1,三層,12,住宅大樓(11層含以上有電梯),住家用,鋼筋混凝土造,,157.91,3,2,2,有,無,21830000,170889,坡道平面,43.04,2200000,露台約5.86坪,RPPNMLKLOHJGFIF48DB,女王萬歲2,A5棟3號
三峽區,房地(土地+建物),新北市三峽區大同路286巷,21.22,住,,,1130610,土地1建物1車位0,八層,9,華廈(10層含以下有電梯),住家用,鋼筋混凝土造,,93.42,2,2,1,有,無,9320000,99765,,0,0,,RPVPMLPJPHJGFIF96CB,青松安家,A5棟8樓號
三峽區,房地(土地+建物),新北市三峽區大同路286巷,21.22,住,,,1130610,土地1建物1車位0,六層,9,華廈(10層含以下有電梯),住家用,鋼筋混凝土造,,93.42,2,2,1,有,無,9030000,96660,,0,0,,RPPNMLSJPHJGFIF09CB,青松安家,A5棟6樓號
三峽區,房地(土地+建物),新北市三峽區橫溪路99巷,112.45,,山坡地保育區,丙種建築用地,1130620,土地10建物1車位0,一層,6,華廈(10層含以下有電梯),住家用,鋼筋混凝土造,,99.27,3,2,2,有,無,14380000,144857,,0,0,1.交易總價含溪東段808、809、810地號土地款新台幣160萬元整2.此戶為露台戶,RPPNMLMJPHJGFIF48CB,青鳥之美,A棟A3-1F號
三峽區,房地(土地+建物),新北市三峽區橫溪路99巷,50.75,,山坡地保育區,丙種建築用地,1130616,土地10建物1車位0,四層,6,華廈(10層含以下有電梯),住家用,鋼筋混凝土造,,75.45,2,2,1,有,無,9100000,120610,,0,0,交易總價含溪東段808、809、810地號土地款新台幣5萬元整,RPSNMLMJPHJGFIF78CB,青鳥之美,A棟A2-4F號
三峽區,房地(土地+建物)+車位,新北市三峽區橫溪路99巷,79.42,,山坡地保育區,丙種建築用地,1130618,土地10建物1車位1,六層,6,華廈(10層含以下有電梯),住家用,鋼筋混凝土造,,147.86,3,2,2,有,無,17680000,125785,坡道平面,26.78,2450000,交易總價含溪東段808、809、810地號土地款新台幣5萬元整,RPTNMLMJPHJGFIF88CB,青鳥之美,B棟B2-6F號
三峽區,房地(土地+建物),新北市三峽區大同路286巷,21.22,住,,,1130612,土地1建物1車位0,九層,9,華廈(10層含以下有電梯),住家用,鋼筋混凝土造,,93.42,2,2,1,有,無,9330000,99872,,0,0,,RPQNMLSJPHJGFIF56CB,青松安家,A5棟9樓號
三峽區,房地(土地+建物),新北市三峽區大同路286巷,21.22,住,,,1130612,土地1建物1車位0,四層,9,華廈(10層含以下有電梯),住家用,鋼筋混凝土造,,93.42,2,2,1,有,無,9030000,96660,,0,0,,RPQNMLTJPHJGFIF66CB,青松安家,A5棟4樓號
三峽區,房地(土地+建物),新北市三峽區橫溪路99巷,124.11,,山坡地保育區,丙種建築用地,1130622,土地10建物1車位0,四層,6,華廈(10層含以下有電梯),住家用,鋼筋混凝土造,,117.82,3,2,2,有,無,16280000,138177,,0,0,交易總價含溪東段808、809、810地號土地款新台幣160萬元整,RPQNMLMJPHJGFIF58CB,青鳥之美,B棟B3-4F號
三峽區,房地(土地+建物),新北市三峽區橫溪路99巷,124.11,,山坡地保育區,丙種建築用地,1130627,土地10建物1車位0,六層,6,華廈(10層含以下有電梯),住家用,鋼筋混凝土造,,117.82,3,2,2,有,無,16580000,140723,,0,0,交易總價含溪東段808、809、810地號土地款新台幣160萬元整,RPRNMLMJPHJGFIF68CB,青鳥之美,B棟B3-6F號
三峽區,房地(土地+建物),新北市三峽區橫溪路99巷,55.85,,山坡地保育區,丙種建築用地,1130701,土地10建物1車位0,三層,6,華廈(10層含以下有電梯),住家用,鋼筋混凝土造,,83.61,2,2,1,有,無,11000000,131563,,0,0,交易總價含溪東段808、809、810地號土地款新台幣5萬元整,RPQOMLOJPHJGFIF88CB,青鳥之美,B棟B1-3F號
三峽區,房地(土地+建物),新北市三峽區橫溪路99巷,55.85,,山坡地保育區,丙種建築用地,1130702,土地10建物1車位0,二層,6,華廈(10層含以下有電梯),住家用,鋼筋混凝土造,,83.61,2,2,1,有,無,10980000,131324,,0,0,交易總價含溪東段808、809、810地號土地款新台幣5萬元整,RPROMLOJPHJGFIF98CB,青鳥之美,B棟B1-2F號
三峽區,房地(土地+建物),新北市三峽區橫溪路99巷,55.85,,山坡地保育區,丙種建築用地,1130715,土地10建物1車位0,五層,6,華廈(10層含以下有電梯),住家用,鋼筋混凝土造,,83.61,2,2,1,有,無,11250000,134553,,0,0,交易總價含溪東段808、809、810地號土地款新台幣5萬元整,RPPNMLLMPHJGFIF68CB,青鳥之美,B棟B1-5F號
三峽區,房地(土地+建物)+車位,新北市三峽區橫溪路99巷,79.42,,山坡地保育區,丙種建築用地,1130727,土地10建物1車位1,五層,6,華廈(10層含以下有電梯),住家用,鋼筋混凝土造,,145.99,3,2,2,有,無,17550000,124298,坡道平面,24.91,2500000,交易總價含溪東段808、809、810地號土地款新台幣5萬元整,RPQNMLOKQHJGFIF98CB,青鳥之美,B棟B2-5F號
三峽區,房地(土地+建物),新北市三峽區橫溪路99巷,126.16,,山坡地保育區,丙種建築用地,1130805,土地10建物1車位0,二層,6,華廈(10層含以下有電梯),住家用,鋼筋混凝土造,,121.08,3,2,2,有,無,16180000,133631,,0,0,交易總價含溪東段808、809、810地號土地款新台幣160萬元整,RPPNMLOKQHJGFIF88CB,青鳥之美,B棟B2-2F號
三峽區,房地(土地+建物),新北市三峽區大同路5巷,17.28,住,,,1130817,土地2建物1車位0,七層,10,華廈(10層含以下有電梯),住家用,鋼筋混凝土造,,68.13,2,2,1,有,無,9350000,137238,,0,0,,RPRNMLTJRHJGFIF96CB,文傑鉑悅,A1棟7號
三峽區,房地(土地+建物),新北市三峽區大同路5巷,17.28,住,,,1130816,土地2建物1車位0,四層,10,華廈(10層含以下有電梯),住家用,鋼筋混凝土造,,68.13,2,2,1,有,無,9460000,138852,,0,0,,RPTNMLTJRHJGFIF17CB,文傑鉑悅,A1棟4號
三峽區,房地(土地+建物)+車位,新北市三峽區大同路5巷,19.8,住,,,1130817,土地2建物1車位1,七層,10,華廈(10層含以下有電梯),住家用,鋼筋混凝土造,,111.78,2,2,2,有,無,13520000,145017,坡道平面,33.72,2200000,,RPRNMLMKRHJGFIF98CB,文傑鉑悅,A3棟7號
三峽區,房地(土地+建物),新北市三峽區大同路5巷,16.67,住,,,1130817,土地2建物1車位0,七層,10,華廈(10層含以下有電梯),住家用,鋼筋混凝土造,,65.71,2,2,1,有,無,9430000,143509,,0,0,,RPUNMLMKRHJGFIF66CB,文傑鉑悅,A4棟7號
三峽區,房地(土地+建物),新北市三峽區大同路5巷,17.28,住,,,1130818,土地2建物1車位0,三層,10,華廈(10層含以下有電梯),住家用,鋼筋混凝土造,,68.13,2,2,1,有,無,9140000,134155,,0,0,,RPQNMLOKRHJGFIF09CB,文傑鉑悅,A1棟3號
三峽區,房地(土地+建物),新北市三峽區大同路5巷,17.28,住,,,1130819,土地2建物1車位0,六層,10,華廈(10層含以下有電梯),住家用,鋼筋混凝土造,,68.13,2,2,1,有,無,9770000,143402,,0,0,,RPRNMLOKRHJGFIF56CB,文傑鉑悅,A1棟6號
三峽區,房地(土地+建物)+車位,新北市三峽區大同路5巷,16.67,住,,,1130820,土地2建物1車位1,八層,10,華廈(10層含以下有電梯),住家用,鋼筋混凝土造,,99.43,2,2,1,有,無,11720000,144879,坡道平面,33.72,2200000,,RPTNMLOKRHJGFIF76CB,文傑鉑悅,A4棟8號
三峽區,房地(土地+建物),新北市三峽區橫溪路99巷,79.42,,山坡地保育區,丙種建築用地,1130826,土地10建物1車位0,四層,6,華廈(10層含以下有電梯),住家用,鋼筋混凝土造,,121.08,3,2,2,有,無,14480000,119590,,0,0,交易總價含溪東段808、809、810地號土地款新台幣5萬元整,RPTNMLTLQHJGFIF27CB,青鳥之美,B棟B2-4F號
三峽區,房地(土地+建物),新北市三峽區橫溪路99巷,124.11,,山坡地保育區,丙種建築用地,1130825,土地10建物1車位0,二層,6,華廈(10層含以下有電梯),住家用,鋼筋混凝土造,,117.82,3,2,2,有,無,15880000,134782,,0,0,交易總價含溪東段808、809、810地號土地款新台幣160萬元整,RPUNMLTLQHJGFIF37CB,青鳥之美,B棟B3-2F號
三峽區,房地(土地+建物)+車位,新北市三峽區橫溪路99巷,77.37,,山坡地保育區,丙種建築用地,1130827,土地10建物1車位1,三層,6,華廈(10層含以下有電梯),住家用,鋼筋混凝土造,,142.73,3,2,2,有,無,16800000,121372,坡道平面,24.91,2500000,交易總價含溪東段808、809、810地號土地款新台幣5萬元整,RPVNMLTLQHJGFIF47CB,青鳥之美,B棟B3-3F號
三峽區,房地(土地+建物),新北市三峽區大同路5巷,19.8,住,,,1130823,土地2建物1車位0,八層,10,華廈(10層含以下有電梯),住家用,鋼筋混凝土造,,78.06,2,2,2,有,無,10960000,140405,,0,0,,RPVNMLOKRHJGFIF96CB,文傑鉑悅,A3棟8號
三峽區,房地(土地+建物),新北市三峽區大同路5巷,17.28,住,,,1130826,土地2建物1車位0,五層,10,華廈(10層含以下有電梯),住家用,鋼筋混凝土造,,68.13,2,2,1,有,無,9670000,141935,,0,0,,RPWNMLOKRHJGFIF07CB,文傑鉑悅,A1棟5號
三峽區,房地(土地+建物),新北市三峽區大同路5巷,16.67,住,,,1130831,土地2建物1車位0,十層,10,華廈(10層含以下有電梯),住家用,鋼筋混凝土造,,65.71,2,2,1,有,無,9020000,137270,,0,0,,RPPNMLSKRHJGFIF76CB,文傑鉑悅,A4棟10號
三峽區,房地(土地+建物),新北市三峽區大同路5巷,19.8,住,,,1130901,土地2建物1車位0,三層,10,華廈(10層含以下有電梯),住家用,鋼筋混凝土造,,78.06,2,2,2,有,無,10830000,138739,,0,0,,RPQNMLSKRHJGFIF86CB,文傑鉑悅,A3棟3號
三峽區,房地(土地+建物),新北市三峽區大同路5巷,16.67,住,,,1130902,土地2建物1車位0,六層,10,華廈(10層含以下有電梯),住家用,鋼筋混凝土造,,65.71,2,2,1,有,無,9220000,140313,,0,0,,RPRNMLSKRHJGFIF96CB,文傑鉑悅,A4棟6號
三峽區,房地(土地+建物),新北市三峽區大同路5巷,19.8,住,,,1130902,土地2建物1車位0,五層,10,華廈(10層含以下有電梯),住家用,鋼筋混凝土造,,78.06,2,2,2,有,無,11200000,143479,,0,0,,RPSNMLSKRHJGFIF07CB,文傑鉑悅,A3棟5號
三峽區,房地(土地+建物)+車位,新北市三峽區大同路5巷,19.8,住,,,1130906,土地2建物1車位1,十層,10,華廈(10層含以下有電梯),住家用,鋼筋混凝土造,,111.78,2,2,2,有,無,13890000,151038,坡道平面,33.72,2100000,,RPPNMLRLRHJGFIF76CB,文傑鉑悅,A3棟10號
三峽區,房地(土地+建物)+車位,新北市三峽區大同路5巷,19.8,住,,,1130908,土地2建物1車位1,四層,10,華廈(10層含以下有電梯),住家用,鋼筋混凝土造,,111.78,2,2,2,有,無,13160000,140405,坡道平面,33.72,2200000,,RPQNMLRLRHJGFIF86CB,文傑鉑悅,A3棟4號
三峽區,房地(土地+建物),新北市三峽區大同路5巷,16.67,住,,,1130915,土地2建物1車位0,二層,10,華廈(10層含以下有電梯),住家用,鋼筋混凝土造,,65.71,2,2,1,有,無,9760000,148531,,0,0,露臺戶,RPSNMLRLRHJGFIF07CB,文傑鉑悅,A4棟2號
三峽區,房地(土地+建物)+車位,新北市三峽區大同路5巷,23.29,住,,,1130915,土地2建物1車位1,二層,10,華廈(10層含以下有電梯),住家用,鋼筋混凝土造,,125.55,3,2,2,有,無,14890000,138190,坡道平面,33.72,2200000,露臺戶,RPUNMLRLRHJGFIF27CB,文傑鉑悅,A2棟2號
三峽區,房地(土地+建物),新北市三峽區大同路5巷,17.28,住,,,1131005,土地2建物1車位0,八層,10,華廈(10層含以下有電梯),住家用,鋼筋混凝土造,,68.13,2,2,1,有,無,10080000,147952,,0,0,,RPPNMLPJIIJGFIF18CB,文傑鉑悅,A1棟8號
三峽區,房地(土地+建物)+車位,新北市三峽區大同路286巷,20.57,住,,,1131010,土地4建物1車位1,四層,9,華廈(10層含以下有電梯),住家用,鋼筋混凝土造,,124.11,2,2,1,有,無,11950000,105447,坡道平面,29.75,2000000,,RPPNMLTLIIJGFIF78CB,青松安家,B2棟4樓號
三峽區,房地(土地+建物)+車位,新北市三峽區大同路286巷,21.41,住,,,1131013,土地4建物1車位1,五層,9,華廈(10層含以下有電梯),住家用,鋼筋混凝土造,,130.29,2,2,1,有,無,13260000,111995,坡道平面,29.75,2000000,,RPSNMLPLIIJGFIF68CB,青松安家,D4棟5樓號
三峽區,房地(土地+建物)+車位,新北市三峽區大同路286巷,20.57,住,,,1131014,土地4建物1車位1,七層,9,華廈(10層含以下有電梯),住家用,鋼筋混凝土造,,124.11,2,2,1,有,無,12460000,111912,坡道平面,29.75,1900000,,RPQNMLTLIIJGFIF88CB,青松安家,B2棟7樓號
三峽區,房地(土地+建物)+車位,新北市三峽區大同路286巷,20.57,住,,,1131017,土地4建物1車位1,五層,9,華廈(10層含以下有電梯),住家用,鋼筋混凝土造,,124.11,2,2,1,有,無,12150000,106507,坡道平面,29.75,2100000,,RPRNMLTLIIJGFIF98CB,青松安家,B2棟5樓號
三峽區,房地(土地+建物)+車位,新北市三峽區大同路286巷,20.57,住,,,1131021,土地4建物1車位1,五層,9,華廈(10層含以下有電梯),住家用,鋼筋混凝土造,,125.62,2,2,1,有,無,12100000,107241,坡道平面,31.44,2000000,,RPSNMLTLIIJGFIF09CB,青松安家,A2棟5樓號
